<?xml version="1.0" encoding="UTF-8"?>
<beans xmlns="http://www.springframework.org/schema/beans"
	xmlns:xsi="http://www.w3.org/2001/XMLSchema-instance"
	xsi:schemaLocation="http://www.springframework.org/schema/beans https://www.springframework.org/schema/beans/spring-beans.xsd">
	<bean id="ds" class="org.apache.commons.dbcp.BasicDataSource">
		<property name="driverClassName" value="com.mysql.jdbc.Driver"></property>
		<property name="url" value="jdbc:mysql://localhost:3306/test"/>
		<property name="username" value="root"/>
		<property name="password" value="1234"/>
		<property name="maxActive" value="10"/>
		<property name="minIdle" value="10"/>
		<property name="maxIdle" value="10"/>
		<property name="initialSize" value="10"/>
	</bean>
	<!-- Root Context: defines shared resources visible to all other web components -->
	<bean id="jdbcTmp"  class="org.springframework.jdbc.core.JdbcTemplate">
		<constructor-arg ref="ds"/>
	</bean>
</beans>
